﻿<parameters>
  <parameter name="IIS Web Application Name" defaultValue="Default Web Site/FreneValue_deploy" tags="IisApp">
    <parameterEntry kind="ProviderPath" scope="IisApp" match="^C:\\Developpement\\source\\repos\\IaerFrenes\\FreneValue\\obj\\Release\\Package\\PackageTmp$" />
    <parameterEntry kind="ProviderPath" scope="setAcl" match="^C:\\Developpement\\source\\repos\\IaerFrenes\\FreneValue\\obj\\Release\\Package\\PackageTmp$" />
  </parameter>
  <parameter name="DefaultConnection-Web.config Connection String" defaultValue="server=localhost;port=5432;Database=postgres;User Id=postgres;Password=postgresql;">
    <parameterEntry kind="XmlFile" scope="C:\\Developpement\\source\\repos\\IaerFrenes\\FreneValue\\obj\\Release\\Package\\PackageTmp\\Web\.config$" match="/configuration/connectionStrings/add[@name='DefaultConnection']/@connectionString" />
  </parameter>
  <parameter name="arbredb-Web.config Connection String" defaultValue="Server=127.0.0.1;port=5432;Database=postgres;User Id=postgres;Password=postgresql;">
    <parameterEntry kind="XmlFile" scope="C:\\Developpement\\source\\repos\\IaerFrenes\\FreneValue\\obj\\Release\\Package\\PackageTmp\\Web\.config$" match="/configuration/connectionStrings/add[@name='arbredb']/@connectionString" />
  </parameter>
  <parameter name="EntityFramework.CodeFirst.ApplicationDbContext-Web.config Connection String" description="EntityFramework.CodeFirst.ApplicationDbContext Chaîne de connexion utilisée dans web.config par l’application pour accéder à la base de données." defaultValue="EntityFramework.CodeFirst.ApplicationDbContext_ConnectionString" tags="SqlConnectionString">
    <parameterEntry kind="XmlFile" scope="C:\\Developpement\\source\\repos\\IaerFrenes\\FreneValue\\obj\\Release\\Package\\PackageTmp\\Web\.config$" match="/configuration/connectionStrings/add[@name='EntityFramework.CodeFirst.ApplicationDbContext']/@connectionString" />
  </parameter>
  <parameter name="FreneValue.Models.ApplicationDbContext-Web.config Connection String" description="FreneValue.Models.ApplicationDbContext Chaîne de connexion utilisée dans web.config par l’application pour accéder à la base de données." defaultValue="FreneValue.Models.ApplicationDbContext_ConnectionString" tags="SqlConnectionString">
    <parameterEntry kind="XmlFile" scope="C:\\Developpement\\source\\repos\\IaerFrenes\\FreneValue\\obj\\Release\\Package\\PackageTmp\\Web\.config$" match="/configuration/connectionStrings/add[@name='FreneValue.Models.ApplicationDbContext']/@connectionString" />
  </parameter>
  <parameter name="FreneValue.Models.arbredb-Web.config Connection String" description="FreneValue.Models.arbredb Chaîne de connexion utilisée dans web.config par l’application pour accéder à la base de données." defaultValue="FreneValue.Models.arbredb_ConnectionString" tags="SqlConnectionString">
    <parameterEntry kind="XmlFile" scope="C:\\Developpement\\source\\repos\\IaerFrenes\\FreneValue\\obj\\Release\\Package\\PackageTmp\\Web\.config$" match="/configuration/connectionStrings/add[@name='FreneValue.Models.arbredb']/@connectionString" />
  </parameter>
  <parameter name="PostgreSQL.AspNet.Identity.EntityFramework.IdentityDbContext-Web.config Connection String" description="PostgreSQL.AspNet.Identity.EntityFramework.IdentityDbContext Chaîne de connexion utilisée dans web.config par l’application pour accéder à la base de données." defaultValue="PostgreSQL.AspNet.Identity.EntityFramework.IdentityDbContext_ConnectionString" tags="SqlConnectionString">
    <parameterEntry kind="XmlFile" scope="C:\\Developpement\\source\\repos\\IaerFrenes\\FreneValue\\obj\\Release\\Package\\PackageTmp\\Web\.config$" match="/configuration/connectionStrings/add[@name='PostgreSQL.AspNet.Identity.EntityFramework.IdentityDbContext']/@connectionString" />
  </parameter>
  <parameter name="PostgreSQL.AspNet.Identity.EntityFramework.IdentityDbContext`1-Web.config Connection String" description="PostgreSQL.AspNet.Identity.EntityFramework.IdentityDbContext`1 Chaîne de connexion utilisée dans web.config par l’application pour accéder à la base de données." defaultValue="PostgreSQL.AspNet.Identity.EntityFramework.IdentityDbContext`1_ConnectionString" tags="SqlConnectionString">
    <parameterEntry kind="XmlFile" scope="C:\\Developpement\\source\\repos\\IaerFrenes\\FreneValue\\obj\\Release\\Package\\PackageTmp\\Web\.config$" match="/configuration/connectionStrings/add[@name='PostgreSQL.AspNet.Identity.EntityFramework.IdentityDbContext`1']/@connectionString" />
  </parameter>
  <parameter name="PostgreSQL.AspNet.Identity.EntityFramework.IdentityDbContext`6-Web.config Connection String" description="PostgreSQL.AspNet.Identity.EntityFramework.IdentityDbContext`6 Chaîne de connexion utilisée dans web.config par l’application pour accéder à la base de données." defaultValue="PostgreSQL.AspNet.Identity.EntityFramework.IdentityDbContext`6_ConnectionString" tags="SqlConnectionString">
    <parameterEntry kind="XmlFile" scope="C:\\Developpement\\source\\repos\\IaerFrenes\\FreneValue\\obj\\Release\\Package\\PackageTmp\\Web\.config$" match="/configuration/connectionStrings/add[@name='PostgreSQL.AspNet.Identity.EntityFramework.IdentityDbContext`6']/@connectionString" />
  </parameter>
</parameters>